{
  "Add new Character" : {
    "transaction" : "Add new Character",
    "sampleCount" : 100,
    "errorCount" : 0,
    "errorPct" : 0.0,
    "meanResTime" : 2.6599999999999997,
    "medianResTime" : 2.0,
    "minResTime" : 2.0,
    "maxResTime" : 10.0,
    "pct1ResTime" : 4.0,
    "pct2ResTime" : 5.0,
    "pct3ResTime" : 9.949999999999974,
    "throughput" : 102.56410256410255,
    "receivedKBytesPerSec" : 26.280048076923077,
    "sentKBytesPerSec" : 21.97315705128205
  },
  "Delete existing Character" : {
    "transaction" : "Delete existing Character",
    "sampleCount" : 100,
    "errorCount" : 0,
    "errorPct" : 0.0,
    "meanResTime" : 1.1199999999999999,
    "medianResTime" : 1.0,
    "minResTime" : 0.0,
    "maxResTime" : 6.0,
    "pct1ResTime" : 2.0,
    "pct2ResTime" : 2.0,
    "pct3ResTime" : 5.989999999999995,
    "throughput" : 103.09278350515463,
    "receivedKBytesPerSec" : 25.068460051546392,
    "sentKBytesPerSec" : 18.222454896907216
  },
  "Get Character by ID" : {
    "transaction" : "Get Character by ID",
    "sampleCount" : 100,
    "errorCount" : 0,
    "errorPct" : 0.0,
    "meanResTime" : 1.02,
    "medianResTime" : 1.0,
    "minResTime" : 0.0,
    "maxResTime" : 4.0,
    "pct1ResTime" : 2.0,
    "pct2ResTime" : 2.0,
    "pct3ResTime" : 3.9799999999999898,
    "throughput" : 102.88065843621399,
    "receivedKBytesPerSec" : 26.35613586676955,
    "sentKBytesPerSec" : 15.974633487654321
  },
  "List of Characters" : {
    "transaction" : "List of Characters",
    "sampleCount" : 100,
    "errorCount" : 0,
    "errorPct" : 0.0,
    "meanResTime" : 0.9299999999999998,
    "medianResTime" : 1.0,
    "minResTime" : 0.0,
    "maxResTime" : 3.0,
    "pct1ResTime" : 1.0,
    "pct2ResTime" : 2.0,
    "pct3ResTime" : 3.0,
    "throughput" : 102.98661174047375,
    "receivedKBytesPerSec" : 35.51026647785788,
    "sentKBytesPerSec" : 15.890512358393408
  },
  "Update existing Character" : {
    "transaction" : "Update existing Character",
    "sampleCount" : 100,
    "errorCount" : 0,
    "errorPct" : 0.0,
    "meanResTime" : 1.1100000000000005,
    "medianResTime" : 1.0,
    "minResTime" : 0.0,
    "maxResTime" : 3.0,
    "pct1ResTime" : 2.0,
    "pct2ResTime" : 2.0,
    "pct3ResTime" : 2.989999999999995,
    "throughput" : 102.98661174047375,
    "receivedKBytesPerSec" : 26.38830780123584,
    "sentKBytesPerSec" : 22.164247554067973
  },
  "Total" : {
    "transaction" : "Total",
    "sampleCount" : 600,
    "errorCount" : 0,
    "errorPct" : 0.0,
    "meanResTime" : 1.246666666666667,
    "medianResTime" : 1.0,
    "minResTime" : 0.0,
    "maxResTime" : 20.0,
    "pct1ResTime" : 2.0,
    "pct2ResTime" : 3.0,
    "pct3ResTime" : 5.0,
    "throughput" : 600.6006006006006,
    "receivedKBytesPerSec" : 135.79692974224224,
    "sentKBytesPerSec" : 91.6697947947948
  },
  "JSR223 Sampler" : {
    "transaction" : "JSR223 Sampler",
    "sampleCount" : 100,
    "errorCount" : 0,
    "errorPct" : 0.0,
    "meanResTime" : 0.64,
    "medianResTime" : 0.0,
    "minResTime" : 0.0,
    "maxResTime" : 20.0,
    "pct1ResTime" : 1.0,
    "pct2ResTime" : 1.0,
    "pct3ResTime" : 19.89999999999995,
    "throughput" : 100.6036217303823,
    "receivedKBytesPerSec" : 0.0,
    "sentKBytesPerSec" : 0.0
  }
}