{
  "Add new Character" : {
    "transaction" : "Add new Character",
    "sampleCount" : 20000,
    "errorCount" : 939,
    "errorPct" : 4.695,
    "meanResTime" : 11767.709649999983,
    "medianResTime" : 26.0,
    "minResTime" : 0.0,
    "maxResTime" : 154399.0,
    "pct1ResTime" : 35013.0,
    "pct2ResTime" : 64871.850000000006,
    "pct3ResTime" : 127003.0,
    "throughput" : 127.3244673062599,
    "receivedKBytesPerSec" : 44.58048005502008,
    "sentKBytesPerSec" : 26.177773703836923
  },
  "Delete existing Character" : {
    "transaction" : "Delete existing Character",
    "sampleCount" : 20000,
    "errorCount" : 0,
    "errorPct" : 0.0,
    "meanResTime" : 22.58410000000003,
    "medianResTime" : 23.0,
    "minResTime" : 0.0,
    "maxResTime" : 218.0,
    "pct1ResTime" : 33.0,
    "pct2ResTime" : 39.0,
    "pct3ResTime" : 112.0,
    "throughput" : 127.41531659520791,
    "receivedKBytesPerSec" : 30.98282600801442,
    "sentKBytesPerSec" : 22.521652640363897
  },
  "Get Character by ID" : {
    "transaction" : "Get Character by ID",
    "sampleCount" : 20000,
    "errorCount" : 0,
    "errorPct" : 0.0,
    "meanResTime" : 262.3599999999995,
    "medianResTime" : 24.0,
    "minResTime" : 0.0,
    "maxResTime" : 7026.0,
    "pct1ResTime" : 96.0,
    "pct2ResTime" : 2245.0,
    "pct3ResTime" : 5392.820000000189,
    "throughput" : 127.35041102345157,
    "receivedKBytesPerSec" : 32.232849182887925,
    "sentKBytesPerSec" : 19.77413608664922
  },
  "List of Characters" : {
    "transaction" : "List of Characters",
    "sampleCount" : 20000,
    "errorCount" : 0,
    "errorPct" : 0.0,
    "meanResTime" : 22.20959999999996,
    "medianResTime" : 23.0,
    "minResTime" : 0.0,
    "maxResTime" : 195.0,
    "pct1ResTime" : 34.0,
    "pct2ResTime" : 38.0,
    "pct3ResTime" : 98.0,
    "throughput" : 127.40070707392425,
    "receivedKBytesPerSec" : 341.9738612068828,
    "sentKBytesPerSec" : 19.657530974296904
  },
  "Update existing Character" : {
    "transaction" : "Update existing Character",
    "sampleCount" : 20000,
    "errorCount" : 905,
    "errorPct" : 4.525,
    "meanResTime" : 21.804949999999945,
    "medianResTime" : 22.0,
    "minResTime" : 0.0,
    "maxResTime" : 194.0,
    "pct1ResTime" : 34.0,
    "pct2ResTime" : 41.0,
    "pct3ResTime" : 95.0,
    "throughput" : 127.38772364507234,
    "receivedKBytesPerSec" : 38.60915396239514,
    "sentKBytesPerSec" : 27.449137216880782
  },
  "Total" : {
    "transaction" : "Total",
    "sampleCount" : 120000,
    "errorCount" : 1844,
    "errorPct" : 1.5366666,
    "meanResTime" : 2016.1430249999867,
    "medianResTime" : 23.0,
    "minResTime" : 0.0,
    "maxResTime" : 154399.0,
    "pct1ResTime" : 38.0,
    "pct2ResTime" : 2101.050000000014,
    "pct3ResTime" : 127002.0,
    "throughput" : 763.7912049442751,
    "receivedKBytesPerSec" : 488.0272745065591,
    "sentKBytesPerSec" : 115.51121823304861
  },
  "JSR223 Sampler" : {
    "transaction" : "JSR223 Sampler",
    "sampleCount" : 20000,
    "errorCount" : 0,
    "errorPct" : 0.0,
    "meanResTime" : 0.18985,
    "medianResTime" : 0.0,
    "minResTime" : 0.0,
    "maxResTime" : 96.0,
    "pct1ResTime" : 1.0,
    "pct2ResTime" : 1.0,
    "pct3ResTime" : 1.0,
    "throughput" : 127.30582678769206,
    "receivedKBytesPerSec" : 0.0,
    "sentKBytesPerSec" : 0.0
  }
}