{
  "Add new Character" : {
    "transaction" : "Add new Character",
    "sampleCount" : 16850,
    "errorCount" : 36,
    "errorPct" : 0.21364985,
    "meanResTime" : 18150.012166172055,
    "medianResTime" : 285.0,
    "minResTime" : 0.0,
    "maxResTime" : 124014.0,
    "pct1ResTime" : 63024.0,
    "pct2ResTime" : 63034.0,
    "pct3ResTime" : 63066.490000000005,
    "throughput" : 130.79860895485314,
    "receivedKBytesPerSec" : 34.041008105050295,
    "sentKBytesPerSec" : 27.99586305734956
  },
  "Delete existing Character" : {
    "transaction" : "Delete existing Character",
    "sampleCount" : 11939,
    "errorCount" : 0,
    "errorPct" : 0.0,
    "meanResTime" : 226.80023452550498,
    "medianResTime" : 237.0,
    "minResTime" : 0.0,
    "maxResTime" : 685.0,
    "pct1ResTime" : 328.0,
    "pct2ResTime" : 342.0,
    "pct3ResTime" : 405.0,
    "throughput" : 191.93299466272265,
    "receivedKBytesPerSec" : 46.671206709978456,
    "sentKBytesPerSec" : 33.92565628315703
  },
  "Get Character by ID" : {
    "transaction" : "Get Character by ID",
    "sampleCount" : 12202,
    "errorCount" : 0,
    "errorPct" : 0.0,
    "meanResTime" : 228.6549745943286,
    "medianResTime" : 236.0,
    "minResTime" : 0.0,
    "maxResTime" : 846.0,
    "pct1ResTime" : 331.0,
    "pct2ResTime" : 350.0,
    "pct3ResTime" : 474.0,
    "throughput" : 196.12003150264397,
    "receivedKBytesPerSec" : 50.3039324561615,
    "sentKBytesPerSec" : 30.45223145402382
  },
  "List of Characters" : {
    "transaction" : "List of Characters",
    "sampleCount" : 12025,
    "errorCount" : 0,
    "errorPct" : 0.0,
    "meanResTime" : 229.42270270270305,
    "medianResTime" : 239.0,
    "minResTime" : 3.0,
    "maxResTime" : 651.0,
    "pct1ResTime" : 332.0,
    "pct2ResTime" : 345.6999999999989,
    "pct3ResTime" : 414.7399999999998,
    "throughput" : 193.27514987865052,
    "receivedKBytesPerSec" : 38994.11177562001,
    "sentKBytesPerSec" : 29.821751641432407
  },
  "Update existing Character" : {
    "transaction" : "Update existing Character",
    "sampleCount" : 12112,
    "errorCount" : 0,
    "errorPct" : 0.0,
    "meanResTime" : 226.15926354028983,
    "medianResTime" : 236.0,
    "minResTime" : 1.0,
    "maxResTime" : 684.0,
    "pct1ResTime" : 328.7000000000007,
    "pct2ResTime" : 344.0,
    "pct3ResTime" : 422.8700000000008,
    "throughput" : 194.67661051819468,
    "receivedKBytesPerSec" : 49.93267532668445,
    "sentKBytesPerSec" : 41.94789247339912
  },
  "Total" : {
    "transaction" : "Total",
    "sampleCount" : 81978,
    "errorCount" : 36,
    "errorPct" : 0.04391422,
    "meanResTime" : 3864.767035058187,
    "medianResTime" : 322.0,
    "minResTime" : 0.0,
    "maxResTime" : 124014.0,
    "pct1ResTime" : 63019.0,
    "pct2ResTime" : 63031.0,
    "pct3ResTime" : 63065.0,
    "throughput" : 636.252861965928,
    "receivedKBytesPerSec" : 18934.54505807608,
    "sentKBytesPerSec" : 93.73081664257441
  },
  "JSR223 Sampler" : {
    "transaction" : "JSR223 Sampler",
    "sampleCount" : 16850,
    "errorCount" : 0,
    "errorPct" : 0.0,
    "meanResTime" : 0.13661721068249238,
    "medianResTime" : 0.0,
    "minResTime" : 0.0,
    "maxResTime" : 60.0,
    "pct1ResTime" : 1.0,
    "pct2ResTime" : 1.0,
    "pct3ResTime" : 1.0,
    "throughput" : 270.7262210796915,
    "receivedKBytesPerSec" : 0.0,
    "sentKBytesPerSec" : 0.0
  }
}