{
  "Add new Character" : {
    "transaction" : "Add new Character",
    "sampleCount" : 7425,
    "errorCount" : 0,
    "errorPct" : 0.0,
    "meanResTime" : 3489.156498316498,
    "medianResTime" : 172.0,
    "minResTime" : 5.0,
    "maxResTime" : 31011.0,
    "pct1ResTime" : 28613.0,
    "pct2ResTime" : 29704.1,
    "pct3ResTime" : 31003.0,
    "throughput" : 225.14327299190393,
    "receivedKBytesPerSec" : 57.74303699892356,
    "sentKBytesPerSec" : 48.288778465083844
  },
  "Delete existing Character" : {
    "transaction" : "Delete existing Character",
    "sampleCount" : 6474,
    "errorCount" : 0,
    "errorPct" : 0.0,
    "meanResTime" : 153.87581093605198,
    "medianResTime" : 159.0,
    "minResTime" : 3.0,
    "maxResTime" : 415.0,
    "pct1ResTime" : 219.0,
    "pct2ResTime" : 230.0,
    "pct3ResTime" : 261.25,
    "throughput" : 214.05898690649386,
    "receivedKBytesPerSec" : 52.05145287081735,
    "sentKBytesPerSec" : 37.836598271557996
  },
  "Get Character by ID" : {
    "transaction" : "Get Character by ID",
    "sampleCount" : 6633,
    "errorCount" : 0,
    "errorPct" : 0.0,
    "meanResTime" : 158.18965777174733,
    "medianResTime" : 161.0,
    "minResTime" : 1.0,
    "maxResTime" : 507.0,
    "pct1ResTime" : 223.0,
    "pct2ResTime" : 236.0,
    "pct3ResTime" : 333.3199999999997,
    "throughput" : 219.18577754279295,
    "receivedKBytesPerSec" : 56.216303398238715,
    "sentKBytesPerSec" : 34.033729130179765
  },
  "List of Characters" : {
    "transaction" : "List of Characters",
    "sampleCount" : 6522,
    "errorCount" : 0,
    "errorPct" : 0.0,
    "meanResTime" : 156.4026372278446,
    "medianResTime" : 161.0,
    "minResTime" : 6.0,
    "maxResTime" : 425.0,
    "pct1ResTime" : 221.0,
    "pct2ResTime" : 232.0,
    "pct3ResTime" : 261.7699999999995,
    "throughput" : 215.57480002644277,
    "receivedKBytesPerSec" : 37385.60003171068,
    "sentKBytesPerSec" : 33.26251797283004
  },
  "Update existing Character" : {
    "transaction" : "Update existing Character",
    "sampleCount" : 6575,
    "errorCount" : 0,
    "errorPct" : 0.0,
    "meanResTime" : 154.15452471482897,
    "medianResTime" : 159.0,
    "minResTime" : 3.0,
    "maxResTime" : 420.0,
    "pct1ResTime" : 221.0,
    "pct2ResTime" : 232.0,
    "pct3ResTime" : 264.47999999999956,
    "throughput" : 217.30508642628152,
    "receivedKBytesPerSec" : 55.73255130011237,
    "sentKBytesPerSec" : 46.81964736465942
  },
  "Total" : {
    "transaction" : "Total",
    "sampleCount" : 41054,
    "errorCount" : 0,
    "errorPct" : 0.0,
    "meanResTime" : 730.4346957665512,
    "medianResTime" : 192.0,
    "minResTime" : 0.0,
    "maxResTime" : 31011.0,
    "pct1ResTime" : 235.0,
    "pct2ResTime" : 284.9500000000007,
    "pct3ResTime" : 31002.0,
    "throughput" : 1244.0229083967151,
    "receivedKBytesPerSec" : 34481.6827579562,
    "sentKBytesPerSec" : 187.56161034892884
  },
  "JSR223 Sampler" : {
    "transaction" : "JSR223 Sampler",
    "sampleCount" : 7425,
    "errorCount" : 0,
    "errorPct" : 0.0,
    "meanResTime" : 0.1604040404040402,
    "medianResTime" : 0.0,
    "minResTime" : 0.0,
    "maxResTime" : 22.0,
    "pct1ResTime" : 1.0,
    "pct2ResTime" : 1.0,
    "pct3ResTime" : 1.0,
    "throughput" : 247.50825027500917,
    "receivedKBytesPerSec" : 0.0,
    "sentKBytesPerSec" : 0.0
  }
}