{
  "Add new Character" : {
    "transaction" : "Add new Character",
    "sampleCount" : 2000,
    "errorCount" : 0,
    "errorPct" : 0.0,
    "meanResTime" : 1438.3965000000005,
    "medianResTime" : 37.5,
    "minResTime" : 3.0,
    "maxResTime" : 4944.0,
    "pct1ResTime" : 4235.0,
    "pct2ResTime" : 4645.0,
    "pct3ResTime" : 4923.99,
    "throughput" : 332.00531208499336,
    "receivedKBytesPerSec" : 85.16098366948872,
    "sentKBytesPerSec" : 71.21935435341966
  },
  "Delete existing Character" : {
    "transaction" : "Delete existing Character",
    "sampleCount" : 2000,
    "errorCount" : 0,
    "errorPct" : 0.0,
    "meanResTime" : 18.532999999999976,
    "medianResTime" : 21.0,
    "minResTime" : 2.0,
    "maxResTime" : 47.0,
    "pct1ResTime" : 31.0,
    "pct2ResTime" : 33.0,
    "pct3ResTime" : 45.0,
    "throughput" : 327.33224222585926,
    "receivedKBytesPerSec" : 79.59543780687397,
    "sentKBytesPerSec" : 57.858531096563006
  },
  "Get Character by ID" : {
    "transaction" : "Get Character by ID",
    "sampleCount" : 2000,
    "errorCount" : 0,
    "errorPct" : 0.0,
    "meanResTime" : 16.710499999999985,
    "medianResTime" : 14.0,
    "minResTime" : 1.0,
    "maxResTime" : 78.0,
    "pct1ResTime" : 30.0,
    "pct2ResTime" : 36.0,
    "pct3ResTime" : 55.99000000000001,
    "throughput" : 331.2903760145768,
    "receivedKBytesPerSec" : 84.9827754886533,
    "sentKBytesPerSec" : 51.44059549445089
  },
  "List of Characters" : {
    "transaction" : "List of Characters",
    "sampleCount" : 2000,
    "errorCount" : 0,
    "errorPct" : 0.0,
    "meanResTime" : 18.118499999999983,
    "medianResTime" : 21.0,
    "minResTime" : 2.0,
    "maxResTime" : 49.0,
    "pct1ResTime" : 31.0,
    "pct2ResTime" : 33.0,
    "pct3ResTime" : 38.0,
    "throughput" : 327.43942370661426,
    "receivedKBytesPerSec" : 393.6841923501965,
    "sentKBytesPerSec" : 50.5228798297315
  },
  "Update existing Character" : {
    "transaction" : "Update existing Character",
    "sampleCount" : 2000,
    "errorCount" : 0,
    "errorPct" : 0.0,
    "meanResTime" : 17.80000000000005,
    "medianResTime" : 20.0,
    "minResTime" : 1.0,
    "maxResTime" : 59.0,
    "pct1ResTime" : 30.0,
    "pct2ResTime" : 34.0,
    "pct3ResTime" : 37.0,
    "throughput" : 329.97855139415935,
    "receivedKBytesPerSec" : 84.64110965599735,
    "sentKBytesPerSec" : 71.10683313397129
  },
  "Total" : {
    "transaction" : "Total",
    "sampleCount" : 12000,
    "errorCount" : 0,
    "errorPct" : 0.0,
    "meanResTime" : 251.6545833333321,
    "medianResTime" : 15.0,
    "minResTime" : 0.0,
    "maxResTime" : 4944.0,
    "pct1ResTime" : 37.0,
    "pct2ResTime" : 2482.0,
    "pct3ResTime" : 4623.0,
    "throughput" : 1953.125,
    "receivedKBytesPerSec" : 721.0305531819662,
    "sentKBytesPerSec" : 298.28453063964844
  },
  "JSR223 Sampler" : {
    "transaction" : "JSR223 Sampler",
    "sampleCount" : 2000,
    "errorCount" : 0,
    "errorPct" : 0.0,
    "meanResTime" : 0.36899999999999983,
    "medianResTime" : 0.0,
    "minResTime" : 0.0,
    "maxResTime" : 26.0,
    "pct1ResTime" : 1.0,
    "pct2ResTime" : 1.0,
    "pct3ResTime" : 2.0,
    "throughput" : 332.6126725428239,
    "receivedKBytesPerSec" : 0.0,
    "sentKBytesPerSec" : 0.0
  }
}